Published Date,Published Time,Saved Date,Edited Date,Timezone,Author,Outlet,Headline,Coverage Snippet,Contextual Snippet,Insight Name,Insight,URL,Image URLs,Attribution,Media Type,Classification,Sentiment,Language,Translated Language,AVE(USD),Impressions,Domain Authority,Word Count,Duration,Continent,Country,Province/State,County,City
3/25/2025,9:56:07 AM,,,UTC,,Verslo žinios,Baltarusijos Laisvės dieną S. Cichanouskaja ragino nekurti baltarusiams „geležinės uždangos“,"„Lietuvai reikalingas patikimas, prognozuojamas, europietiškas kaimynas, o ne diktatorius, kuris gali užsižaisti su ugnimi ir sudeginti savo bei kaimyno namus“, – antradienį Seime kalbėjo S. Cichanouskaja. Lietuviškai kalbą pradėjusi opozicijos lyderė...","...Išskirtiniame rajone ant Neries kranto „Sakai“ įsikurs sporto klubas ir odontologijos klinika

Vienos didžiausių šalies NT bendrovės „Darnu Group“ ant Neries kranto vystomu rajonu „Sakai“ aktyviai domisi ne tik potencialūs būstų pirkėjai – jame jau p...",,,http://ct.moreover.com/?a=56331904222&p=1lk&v=1&x=d8sK3gJQdLdZ4vlDeaNecg,https://www.vz.lt/image/1280/story/image/AbZIzttL-20250325ppel27802503.jpg?1729795298,,ONLINE_NEWS,,NOT AVAILABLE,Lithuanian,,20470.8,818832,59,867,,Europe,Lithuania,,,Vilnius
3/25/2025,4:07:25 AM,,,UTC,Darnu Group,Verslo žinios,Išskirtiniame rajone ant Neries kranto „Sakai“ įsikurs sporto klubas ir odontologijos klinika,"Dėmesys infrastruktūrai ir paslaugų įvairovei Anot „Darnu Group“ pardavimų ir nuomos vadovo Mykolo Čiplio, išvystyta ir atsakingai suplanuota paslaugų pasiūla yra vienas esminių kokybišką gyvenimą mieste užtikrinančių elementų, formuojančių ne tik...","Dėmesys infrastruktūrai ir paslaugų įvairovei

Anot „Darnu Group“ pardavimų ir nuomos vadovo Mykolo Čiplio, išvystyta ir atsakingai suplanuota paslaugų pasiūla yra vienas esminių kokybišką gyvenimą mieste užtikrinančių elementų, formuojančių ne tik g...",,,http://ct.moreover.com/?a=56329971087&p=1lk&v=1&x=Gxr7UPmLWR04oki-4R9SeQ,https://www.vz.lt/image/1280/story/image/ejrrx22b-sakai-01.jpg?1729795298&label=MARKETING,,ONLINE_NEWS,,NOT AVAILABLE,Lithuanian,,20470.8,818832,59,612,,Europe,Lithuania,,,Vilnius
3/24/2025,8:12:23 AM,,,UTC,Parengė Darnu,Delfi Lietuva,Išskirtiniame rajone ant Neries kranto „Sakai“ įsikurs sporto klubas ir odontologijos klinika,Vienos didžiausių šalies NT bendrovės „Darnu Group “ ant Neries kranto vystomu rajonu „Sakai“ aktyviai domisi ne tik potencialūs būstų pirkėjai – jame jau pradeda formuotis verslo bendruomenė. Pirmaisiais naujakuriais taps implantologijos ir estetinės...,"Vienos didžiausių šalies NT bendrovės „Darnu Group “ ant Neries kranto vystomu rajonu „Sakai“ aktyviai domisi ne tik potencialūs būstų pirkėjai – jame jau pradeda formuotis verslo bendruomenė.

Pirmaisiais naujakuriais taps implantologijos ir estetin...",,,https://www.delfi.lt/bustas/nt-rinka/isskirtiniame-rajone-ant-neries-kranto-sakai-isikurs-sporto-klubas-ir-odontologijos-klinika-120094837,"https://images.delfi.lt/media-api-image-cropper/v1/2d9cf3bd-fe48-4fdc-984d-1db6f646b76f.jpg?noup&w=400,https://images.delfi.lt/media-api-image-cropper/v1/321dddc3-8b1b-48e7-87ab-710f78ad10a4.jpg?w=1200&h=800",,ONLINE_NEWS,,NOT AVAILABLE,Lithuanian,,43660.4,1746416,78,664,,Europe,Lithuania,,,Vilnius
3/24/2025,6:12:35 AM,,,UTC,,Naujienugidas,"Ant Neries kranto statomame naujame rajone kursis ir verslas: atidarys sporto klubą, kliniką",Vienos didžiausių šalies NT bendrovės „Darnu Group“ ant Neries kranto vystomu rajonu „Sakai“ aktyviai domisi ne tik potencialūs būstų pirkėjai – jame jau pradeda formuotis verslo bendruomenė. Pirmaisiais naujakuriais taps implantologijos ir estetinės...,Vienos didžiausių šalies NT bendrovės „Darnu Group“ ant Neries kranto vystomu rajonu „Sakai“ aktyviai domisi ne tik potencialūs būstų pirkėjai – jame jau pradeda formuotis verslo bendruomenė. Pirmaisiais naujakuriais taps implantologijos ir estetinės,,,https://www.naujienugidas.lt/ant-neries-kranto-statomame-naujame-rajone-kursis-ir-verslas-atidarys-sporto-kluba-klinika-158037.html,https://madeinvilnius.lt/wp-content/uploads/2025/03/sakai-01-1024x576.jpg,,ONLINE_NEWS,,NOT AVAILABLE,Lithuanian,,0.25,10,,67,,Europe,Lithuania,,,
3/24/2025,6:00:14 AM,,,UTC,,Madeinvilnius -Verslas,"Ant Neries kranto statomame naujame rajone kursis ir verslas: atidarys sporto klubą, kliniką",Vienos didžiausių šalies NT bendrovės „Darnu Group“ ant Neries kranto vystomu rajonu „Sakai“ aktyviai domisi ne tik potencialūs būstų pirkėjai – jame jau pradeda formuotis verslo bendruomenė. Pirmaisiais naujakuriais taps implantologijos ir estetinės...,"Vienos didžiausių šalies NT bendrovės „Darnu Group“ ant Neries kranto vystomu rajonu „Sakai“ aktyviai domisi ne tik potencialūs būstų pirkėjai – jame jau pradeda formuotis verslo bendruomenė.

Pirmaisiais naujakuriais taps implantologijos ir estetinė...",,,https://madeinvilnius.lt/verslas/nekilnojamas-turtas/ant-neries-kranto-statomame-naujame-rajone-kursis-ir-verslas-atidarys-sporto-kluba-klinika/,https://madeinvilnius.lt/wp-content/uploads/2025/03/sakai-01.jpg,,ONLINE_NEWS,,NOT AVAILABLE,Lithuanian,,0.25,10,,667,,Europe,Lithuania,,,
3/20/2025,6:01:59 AM,,,UTC,,15min.lt,Išskirtiniame rajone ant Neries kranto „Sakai“ įsikurs sporto klubas ir odontologijos klinika,Vienos didžiausių šalies NT bendrovės „Darnu Group“ ant Neries kranto vystomu rajonu „Sakai“ aktyviai domisi ne tik potencialūs būstų pirkėjai – jame jau pradeda formuotis verslo bendruomenė. Pirmaisiais naujakuriais taps implantologijos ir estetinės...,"...verslai.

Šaltinis: Reklama

Išskirtiniame rajone ant Neries kranto „Sakai“ įsikurs sporto klubas ir odontologijos klinika / „Darnu Group"" nuotr.

Anot „Darnu Group“ pardavimų ir nuomos vadovo Mykolo Čiplio, išvystyta ir atsakingai suplanuota paslaug...",,,https://www.15min.lt/verslas/naujiena/nt-ir-interjeras/isskirtiniame-rajone-ant-neries-kranto-sakai-isikurs-sporto-klubas-ir-odontologijos-klinika-971-2415532,"https://s1.15min.lt/static/cache/MTIwMHg2MjgsLDExNzYwODIsb3JpZ2luYWwsLGlkPTEwMDI4NDIyJmRhdGU9MjAyNSUyRjAzJTJGMTksMzk5ODcwMzY1OA==/isskirtiniame-rajone-ant-neries-kranto-sakai-isikurs-sporto-klubas-ir-odontologijos-klinika-67dabda4df5c6.jpg,https://s1.15min.lt/static/cache/OTcweDU4MCwsMTE3NjA4MixvcmlnaW5hbCwsaWQ9MTAwMjg0MjImZGF0ZT0yMDI1JTJGMDMlMkYxOSw4MjMxMTU1OTI=/isskirtiniame-rajone-ant-neries-kranto-sakai-isikurs-sporto-klubas-ir-odontologijos-klinika-67dabda4df5c6.jpg",,ONLINE_NEWS,,NOT AVAILABLE,Lithuanian,,31955.78,1278231,74,667,,Europe,Lithuania,,,Vilnius
3/19/2025,4:34:41 PM,,,UTC,,Lietuvos Nacionalinis Radijas ir Televizija (LRT),"Teismui atmetus skundus dėl Šiaulių kalėjimo konkurso, bent viena jo dalyvių tęs ginčą","Teismui atmetus trijų Šiaulių rajone planuojamo naujo kalėjimo viešosios ir privačios partnerystės (PPP) būdu rengto statybos ir valdymo konkurso dalyvių paraiškas, bent viena nelaimėjusių įmonių tęs teisinį ginčą, trečiadienį skelbia „Verslo...","Likusios dvi konkurso nelaimėjusios įmonės – nekilnojamojo turto (NT) plėtros grupės „Eika“ antrinė bendrovė „Būsto projektai SPV“ ir NT plėtros įmonės „Darnu Group“ antrinė bendrovė „DG VPP vystymas“ informavo „Verslo žinias“, kad galimybę skųsti te...",,,https://www.lrt.lt/naujienos/verslas/4/2516102/teismui-atmetus-skundus-del-siauliu-kalejimo-konkurso-bent-viena-jo-dalyviu-tes-ginca,https://www.lrt.lt/img/2023/06/28/1540150-679610-1287x836.png,,ONLINE_NEWS,,NOT AVAILABLE,Lithuanian,,35688.3,1427532,70,202,,Europe,Lithuania,,,Vilnius
3/19/2025,3:30:50 PM,,,UTC,,15min.lt,"Teismui atmetus skundus dėl Šiaulių kalėjimo konkurso, bent viena jo dalyvių tęs ginčą","Bendrovės „Amberola“ atstovė, advokatų kontoros „Walless“ partnerė Laura Ziferman portalui patvirtino, kad įmonė skųs Šiaulių apygardos teismo teismo sprendimą atmesti jos prašymą panaikinti Kalėjimų tarnybos sprendimą dėl konkurso. Likusios dvi konkurso...","Likusios dvi konkurso nelaimėjusios įmonės – nekilnojamojo turto (NT) plėtros grupės „Eika“ antrinė bendrovė „Būsto projektai SPV“ ir NT plėtros įmonės „Darnu Group“ antrinė bendrovė „DG VPP vystymas“ informavo „Verslo žinias“, kad galimybę skųsti te...",,,http://ct.moreover.com/?a=56287508648&p=1lk&v=1&x=2xIVrAV_8CU2FRFKD-fCwQ,https://s1.15min.lt/static/cache/MTIwMHg2MjgsLDEwODM5OTAsb3JpZ2luYWwsLGlkPTkwODE1NzQmZGF0ZT0yMDIzJTJGMDglMkYxMCwxMzI1NDQwODMy/vilniaus-kalejimas-64d494078d40b.jpg,,ONLINE_NEWS,,NOT AVAILABLE,Lithuanian,,31955.78,1278231,74,170,,Europe,Lithuania,,,Vilnius
3/19/2025,12:49:26 PM,,,UTC,Kamilė Gineikaitė,Verslo žinios,Paskelbtas didžiausio karinės infrastruktūros projekto Lietuvos istorijoje konkursas,"Pakviestos dalyvauti aštuonios įmonės Ministerija antrąjį etapą suskirstė į tris dalis ir ieško investuotojų viešosios ir privačios partnerystės (PPP) projektui, kurie iki 2027 m. pabaigos suprojektuotų ir išplėtotų, o po to 12,5 metų valdytų karinio...","Kiek anksčiau naujienų agentūrai BNS apie savo dalyvavimą patvirtino penkios nekilnojamojo turto plėtros bei statybų įmonės: „Eika Group“, „YIT Lietuva“, „Hanner“, „Conresta Group“, „Infes“. „Darnu Group“ bei „Merko statybos“ atstovai sakė svarstanty...",,,http://ct.moreover.com/?a=56286480969&p=1lk&v=1&x=jVFJU_Y1eBIIWVT0aPfHcw,https://www.vz.lt/image/1280/story/image/wq0u05TO-rudninku-poligonas-nuotr-kam-srz-sp-k-kavolelio.jpg?1729795298,,ONLINE_NEWS,,NOT AVAILABLE,Lithuanian,,20470.8,818832,59,444,,Europe,Lithuania,,,Vilnius
3/19/2025,10:11:47 AM,,,UTC,,Naujienugidas,Išskirtiniame rajone ant Neries kranto „Sakai“ įsikurs sporto klubas ir odontologijos klinika,Vienos didžiausių šalies NT bendrovės „Darnu Group“ ant Neries kranto vystomu rajonu „Sakai“ aktyviai domisi ne tik potencialūs būstų pirkėjai – jame jau pradeda formuotis verslo bendruomenė. Pirmaisiais naujakuriais taps implantologijos ir estetinės...,Vienos didžiausių šalies NT bendrovės „Darnu Group“ ant Neries kranto vystomu rajonu „Sakai“ aktyviai domisi ne tik potencialūs būstų pirkėjai – jame jau pradeda formuotis verslo bendruomenė. Pirmaisiais naujakuriais taps implantologijos ir estetinės,,,https://www.naujienugidas.lt/isskirtiniame-rajone-ant-neries-kranto-sakai-isikurs-sporto-klubas-ir-odontologijos-klinika-156029.html,http://versloidejos.lt/wp-content/uploads/2025/03/original_Sakai_02.jpg,,ONLINE_NEWS,,NOT AVAILABLE,Lithuanian,,0.25,10,,52,,Europe,Lithuania,,,
3/19/2025,9:49:45 AM,,,UTC,,Vilniaus Kraštas - Amp,Išskirtiniame rajone ant Neries kranto įsikurs sporto klubas ir odontologijos klinika,Vienos didžiausių šalies NT bendrovės „Darnu Group“ ant Neries kranto vystomu rajonu „Sakai“ aktyviai domisi ne tik potencialūs būstų pirkėjai – jame jau pradeda formuotis verslo bendruomenė. Pirmaisiais naujakuriais taps implantologijos ir estetinės...,"Vienos didžiausių šalies NT bendrovės „Darnu Group“ ant Neries kranto vystomu rajonu „Sakai“ aktyviai domisi ne tik potencialūs būstų pirkėjai

– jame jau pradeda formuotis verslo bendruomenė. Pirmaisiais naujakuriais taps implantologijos ir estetinė...",,,https://vilniauskrastas.lt/isskirtiniame-rajone-ant-neries-kranto-isikurs-sporto-klubas-ir-odontologijos-klinika/,"https://vilniauskrastas.lt/wp-content/uploads/2025/03/Sakai_01-750x375.jpg,https://vilniauskrastas.lt/wp-content/uploads/2025/03/Sakai_02-1024x640.jpg",,ONLINE_NEWS,,NOT AVAILABLE,Lithuanian,,0.25,10,,405,,Europe,Lithuania,,,
3/19/2025,9:17:49 AM,,,UTC,,Verslo Idėjos ,Išskirtiniame rajone ant Neries kranto „Sakai“ įsikurs sporto klubas ir odontologijos klinika,Vienos didžiausių šalies NT bendrovės „Darnu Group“ ant Neries kranto vystomu rajonu „Sakai“ aktyviai domisi ne tik potencialūs būstų pirkėjai – jame jau pradeda formuotis verslo bendruomenė. Pirmaisiais naujakuriais taps implantologijos ir estetinės...,"Vienos didžiausių šalies NT bendrovės „Darnu Group“ ant Neries kranto vystomu rajonu „Sakai“ aktyviai domisi ne tik potencialūs būstų pirkėjai – jame jau pradeda formuotis verslo bendruomenė.

Pirmaisiais naujakuriais taps implantologijos ir estetinė...",,,https://versloidejos.lt/nekilnojamasis-turtas-nt-naujienos/isskirtiniame-rajone-ant-neries-kranto-sakai-isikurs-sporto-klubas-ir-odontologijos-klinika/,"data:image/svg+xml,%3Csvg%20xmlns='http://www.w3.org/2000/svg'%20viewBox='0%200%201584%20396'%3E%3C/svg%3E,data:image/svg+xml,%3Csvg%20xmlns='http://www.w3.org/2000/svg'%20viewBox='0%200%201280%20800'%3E%3C/svg%3E,https://versloidejos.lt/wp-content/uploads/2025/03/original_Sakai_01.jpg",,ONLINE_NEWS,,NOT AVAILABLE,Lithuanian,,0.25,10,,665,,Europe,Lithuania,,,
3/19/2025,8:26:15 AM,,,UTC,,BNS Spaudos centras,Išskirtiniame rajone ant Neries kranto „Sakai“ įsikurs sporto klubas ir odontologijos klinika,Vienos didžiausių šalies NT bendrovės „Darnu Group“ ant Neries kranto vystomu rajonu „Sakai“ aktyviai domisi ne tik potencialūs būstų pirkėjai – jame jau pradeda formuotis verslo bendruomenė. Pirmaisiais naujakuriais taps implantologijos ir estetinės...,"Vienos didžiausių šalies NT bendrovės „Darnu Group“ ant Neries kranto vystomu rajonu „Sakai“ aktyviai domisi ne tik potencialūs būstų pirkėjai – jame jau pradeda formuotis verslo bendruomenė.

Pirmaisiais naujakuriais taps implantologijos ir estetinė...",,,https://sc.bns.lt/view/item/isskirtiniame-rajone-ant-neries-kranto-sakai-isikurs-sporto-klubas-ir-odontologijos-klinika-503370,https://sc.bns.lt/docs/1/503370/original_Sakai_01.jpg,,ONLINE_NEWS,,NOT AVAILABLE,Lithuanian,,0.25,10,,687,,Europe,Lithuania,,,
3/19/2025,8:06:31 AM,,,UTC,,Lietuvos rytas,"A Sports Club and Dental Clinic Set to Open in Sakai, an Exclusive Neris Riverfront Area","Potential homebuyers are no longer the only ones who are actively interested in Sakai, a district on the bank of the Neris River, developed by Darnu Group, one of the largest real estate companies in the country. Sakai will also host a business community...","Potential homebuyers are no longer the only ones who are actively interested in Sakai, a district on the bank of the Neris River, developed by Darnu Group, one of the largest real estate companies in the country. Sakai will also host a business commu...",,,http://ct.moreover.com/?a=56284495331&p=1lk&v=1&x=lVx501buAF3lx8XwXFfW7w,https://media.lrytas.lt/images/2025/03/19/075738446-23f3b1eb-eac4-4299-8e35-95ebe19f637c.jpg,,ONLINE_NEWS,,NOT AVAILABLE,Lithuanian,,18375,735000,70,871,,Europe,Lithuania,,,Vilnius
3/19/2025,7:16:27 AM,,,UTC,,Lietuvos rytas,Išskirtiniame „Darnu Group“ kuriamame rajone ant Neries kranto įsikurs sporto klubas ir odontologijos klinika,Vienos didžiausių šalies NT bendrovės „Darnu Group“ ant Neries kranto vystomu rajonu „Sakai“ aktyviai domisi ne tik potencialūs būstų pirkėjai – jame jau pradeda formuotis verslo bendruomenė. Pirmaisiais naujakuriais taps implantologijos ir estetinės...,Vienos didžiausių šalies NT bendrovės „Darnu Group“ ant Neries kranto vystomu rajonu „Sakai“ aktyviai domisi ne tik potencialūs būstų pirkėjai – jame jau pradeda formuotis verslo bendruomenė. Pirmaisiais naujakuriais taps implantologijos ir estetinės,,,http://ct.moreover.com/?a=56284188877&p=1lk&v=1&x=kcBppal-XDHD0llgByBA3Q,https://media.lrytas.lt/images/2025/03/19/070701633-9f64bd4c-8af3-4e0f-aed4-d51ae986ddaa.jpg,,ONLINE_NEWS,,NOT AVAILABLE,Lithuanian,,18375,735000,70,653,,Europe,Lithuania,,,Vilnius
3/19/2025,7:16:27 AM,,,UTC,,Lietuvos rytas,Išskirtiniame „Darnu Group“ kuriamame rajone ant Neries kranto įsikurs sporto klubas ir odontologijos klinika,Vienos didžiausių šalies NT bendrovės „Darnu Group“ ant Neries kranto vystomu rajonu „Sakai“ aktyviai domisi ne tik potencialūs būstų pirkėjai – jame jau pradeda formuotis verslo bendruomenė. Pirmaisiais naujakuriais taps implantologijos ir estetinės...,Vienos didžiausių šalies NT bendrovės „Darnu Group“ ant Neries kranto vystomu rajonu „Sakai“ aktyviai domisi ne tik potencialūs būstų pirkėjai – jame jau pradeda formuotis verslo bendruomenė. Pirmaisiais naujakuriais taps implantologijos ir estetinės,,,http://ct.moreover.com/?a=56284188889&p=1lk&v=1&x=-Qgv5F_q7QHfIkO3IyQlew,https://media.lrytas.lt/images/2025/03/19/070701633-9f64bd4c-8af3-4e0f-aed4-d51ae986ddaa.jpg,,ONLINE_NEWS,,NOT AVAILABLE,Lithuanian,,18375,735000,70,653,,Europe,Lithuania,,,Vilnius
3/18/2025,4:21:56 AM,,,UTC,Darnu Group,Verslo žinios,„Darnu Group“ baigė vystyti dar du 43 mln. vertės „Vilniaus verslo parko“ etapus,"„Vilniaus verslo parko“ kompleksų pabaigtuvės žymi naują verslo patalpų erą sostinėje. Pirmieji pradėję vystyti prekybinių sandėlių koncepcijos projektą, sukūrėme besikeičiančius šiuolaikinio verslo poreikius atitinkantį patalpų standartą. Tarp...","...laiko itin patogią lokaciją šalia pagrindinių miesto arterijų, patalpų universalumą bei kokybines charakteristikas“, – sako „Darnu Group“ pardavimų ir nuomos vadovas Mykolas Čiplys.

Mykolas Čiplys, „Darnu Group“ pardavimų ir nuomos vadovas.

„Darnu ...",,,http://ct.moreover.com/?a=56274784327&p=1lk&v=1&x=OfO3t83J70l9YzHFMjElcw,https://www.vz.lt/image/1280/story/image/xRTqTGb8-vvp002.jpg?1729795298&label=MARKETING,,ONLINE_NEWS,,NOT AVAILABLE,Lithuanian,,20470.8,818832,59,441,,Europe,Lithuania,,,Vilnius
3/14/2025,6:50:20 AM,,,UTC,,PrieKavos,Minimalizmas prieš maksimalizmą. Kas laimi?,"Minimalizmas ir maksimalizmas – du priešingi gyvenimo filosofijos poliai, apibrėžiantys, kaip žmonės renkasi organizuoti aplinką, išteklius, vertybes, netgi mąstymą. Vieni siekia sumažinti vartojimą, atsisakyti pertekliaus, susitelkti tik į esminius...","...gyvenimas buvo pilnas pertekliaus, nes tik perteklius suteikia galimybę kurti ir svajoti“ – Salvadoras Dalí

Įdomu

2020 m. „Darnu Group“ atlikta apklausa atskleidė, kad dauguma lietuvių, įsirengdami būstą, renkasi modernaus minimalizmo (33 %), klasi...",,,https://priekavos.lt/minimalizmas-pries-maksimalizma-kas-laimi/,"https://priekavos.lt/wp-content/uploads/2025/03/shutterstock_1863567892.jpg,https://priekavos.lt/wp-content/uploads/2025/03/shutterstock_1819084715.jpg",,ONLINE_NEWS,,NOT AVAILABLE,Lithuanian,,0.25,10,,1455,,Europe,Lithuania,,,
3/12/2025,7:21:29 AM,,,UTC,,Lietuvos rytas,„Darnu Group“ plečia savo valdomą viešbutį „Urbihop“,"Nekilnojamojo turto plėtros bendrovė , į jį investuodama 400 tūkst. eurų bei didindama kambarių skaičių. Po rekonstrukcijos bendras kambarių plotas padidės beveik ketvirtadaliu, planuojama, kad viešbučio svečiai galės apsigyventi 117 kambarių.Viešbutis...","Kaip pastebi „Darnu Group“ atstovė, ūgtelėję klientų srautai itin pasijuto po arenos rekonstrukcijos 2022 metų rudenį.Fiksavo solidžius rodikliusPraėjusiais metais viešbučių užimtumas Vilniaus mieste išliko stabilus ir siekė apie 67 proc. Tuo metu „D...",,,http://ct.moreover.com/?a=56228290268&p=1lk&v=1&x=HoobVuqm4dOwU8Ox8Xe2ng,https://media.lrytas.lt/images/2025/03/12/071526123-11cd8b1d-db68-4a62-bfcb-6b5360bf020e.jpg,,ONLINE_NEWS,,NOT AVAILABLE,Lithuanian,,18375,735000,70,536,,Europe,Lithuania,,,Vilnius
3/12/2025,7:21:29 AM,,,UTC,,Lietuvos rytas,Darnu Group Expands Urbihop Hotel,"Darnu Group, a real estate development company, is expanding the Urbihop Hotel with a EUR 400,000 investment, increasing the number of rooms. After the renovation, the total room area will increase by almost a quarter, bringing the total to 117 rooms for...","As the representative of Darnu Group points out, the increase in customer flows was especially noticeable after the reconstruction of the Arena in the autumn of 2022.Strong performanceHotel occupancy in Vilnius remained stable last year, averaging ar...",,,http://ct.moreover.com/?a=56228290259&p=1lk&v=1&x=TpD-FiRA8I9-_4SxjAlb-w,https://media.lrytas.lt/images/2025/03/12/071719668-c973cc90-1d96-4334-83c9-bee7320caf90.jpg,,ONLINE_NEWS,,NOT AVAILABLE,Lithuanian,,18375,735000,70,664,,Europe,Lithuania,,,Vilnius
3/11/2025,10:20:11 AM,,,UTC,,Statyba ir architektūra,Po rekonstrukcijos išsiplės viešbutis „Urbihop“,"Po rekonstrukcijos išsiplės viešbutis „Urbihop“ „Darnu Group“ nuotr. Nekilnojamojo turto plėtros bendrovė „Darnu Group“ plečia savo valdomą viešbutį „Urbihop“, į jį investuodama 400 tūkst. eurų bei didindama kambarių skaičių. Po rekonstrukcijos bendras...","Po rekonstrukcijos išsiplės viešbutis „Urbihop“ „Darnu Group“ nuotr.

Nekilnojamojo turto plėtros bendrovė „Darnu Group“ plečia savo valdomą viešbutį „Urbihop“, į jį investuodama 400 tūkst. eurų bei didindama kambarių skaičių. Po rekonstrukcijos bend...",,,https://sa.lt/po-rekonstrukcijos-issiples-viesbutis-urbihop/,https://sa.lt/wp-content/uploads/2025/03/Urbihop-1024x682.jpg,,ONLINE_NEWS,,NOT AVAILABLE,Lithuanian,,240.85,9634,31,368,,Europe,Lithuania,,,Vilnius
3/10/2025,11:22:45 PM,,,UTC,,Lietuvos naujienų agentūra (ELTA),Darnu Group expands Urbihop Hotel,__,,,,http://ct.moreover.com/?a=56216586462&p=1pe&v=1&x=QE5Thy8Zo3lzbLSHzQsnog,,,ONLINE_NEWS,,NEUTRAL,English,,158.58,6343,44,0,,Europe,Lithuania,,,Vilnius
3/10/2025,7:56:55 PM,,,UTC,,Lietuvos naujienų agentūra (ELTA),„Darnu Group“ plečia viešbutį Vilniuje: investuos 400 tūkst. eurų,__,,,,http://ct.moreover.com/?a=56215444640&p=1lk&v=1&x=p0sWxtDgeHiIcFbNjyuJ7w,,,ONLINE_NEWS,,NOT AVAILABLE,Lithuanian,,158.58,6343,44,0,,Europe,Lithuania,,,Vilnius
3/10/2025,11:11:52 AM,,,UTC,,Naujienugidas,Vilniuje plečiamas viešbutis „Urbihop“: papildomai įrengs 20 kambarių,"Nekilnojamojo turto plėtros bendrovė „Darnu Group“ plečia savo valdomą viešbutį „Urbihop“, į jį investuodama 400 tūkst. eurų bei didindama kambarių skaičių. Po rekonstrukcijos bendras kambarių plotas padidės beveik ketvirtadaliu, planuojama, kad viešbučio...","Nekilnojamojo turto plėtros bendrovė „Darnu Group“ plečia savo valdomą viešbutį „Urbihop“, į jį investuodama 400 tūkst. eurų bei didindama kambarių skaičių. Po rekonstrukcijos bendras kambarių plotas padidės beveik ketvirtadaliu, planuojama, kad vieš...",,,https://www.naujienugidas.lt/vilniuje-pleciamas-viesbutis-urbihop-papildomai-irengs-20-kambariu-152079.html,https://madeinvilnius.lt/wp-content/uploads/2025/03/urbihop-1024x682.jpg,,ONLINE_NEWS,,NOT AVAILABLE,Lithuanian,,0.25,10,,64,,Europe,Lithuania,,,
3/10/2025,9:54:31 AM,,,UTC,,Vilniaus Kraštas - Amp,Plečiamas populiarus viešbutis „Urbihop“,"Nekilnojamojo turto plėtros bendrovė „Darnu Group“ plečia savo valdomą viešbutį „Urbihop“, į jį investuodama 400 tūkst. eurų bei didindama kambarių skaičių. Po rekonstrukcijos bendras kambarių plotas padidės beveik ketvirtadaliu, planuojama, kad viešbučio...","Kaip pastebi „Darnu Group“ atstovė, ūgtelėję klientų srautai itin pasijuto po arenos rekonstrukcijos 2022 metų rudenį.",,,https://vilniauskrastas.lt/pleciamas-populiarus-viesbutis-urbihop/,https://vilniauskrastas.lt/wp-content/uploads/2025/03/Urbihop-750x375.jpg.webp,,ONLINE_NEWS,,NOT AVAILABLE,Lithuanian,,0.25,10,,178,,Europe,Lithuania,,,
3/10/2025,9:15:26 AM,,,UTC,,Naujienugidas,„Darnu Group“ plečia savo valdomą viešbutį „Urbihop“,"Nekilnojamojo turto plėtros bendrovė „Darnu Group“ plečia savo valdomą viešbutį „Urbihop“, į jį investuodama 400 tūkst. eurų bei didindama kambarių skaičių. Po rekonstrukcijos bendras kambarių plotas padidės beveik ketvirtadaliu, planuojama, kad viešbučio...","Nekilnojamojo turto plėtros bendrovė „Darnu Group“ plečia savo valdomą viešbutį „Urbihop“, į jį investuodama 400 tūkst. eurų bei didindama kambarių skaičių. Po rekonstrukcijos bendras kambarių plotas padidės beveik ketvirtadaliu, planuojama, kad vieš...",,,https://www.naujienugidas.lt/darnu-group-plecia-savo-valdoma-viesbuti-urbihop-151987.html,https://www.naujienugidas.lt/site/assets/img/broken.gif,,ONLINE_NEWS,,NOT AVAILABLE,Lithuanian,,0.25,10,,63,,Europe,Lithuania,,,
3/10/2025,9:11:13 AM,,,UTC,,Etaplius.lt,„Darnu Group“ plečia viešbutį Vilniuje: investuos 400 tūkst. eurų,"„Darnu Group“ plečia savo valdomą viešbutį „Urbihop“, į jį investuodama 400 tūkst. eurų. Planuojama, kad po rekonstrukcijos bus padidintas kambarių skaičius – bendras jų plotas padidės beveik ketvirtadaliu. Kaip skelbiama pranešime, viešbutis pasipildys...","„Darnu Group“ plečia savo valdomą viešbutį „Urbihop“, į jį investuodama 400 tūkst. eurų. Planuojama, kad po rekonstrukcijos bus padidintas kambarių skaičius – bendras jų plotas padidės beveik ketvirtadaliu.

Kaip skelbiama pranešime, viešbutis pasipi...",,,http://ct.moreover.com/?a=56210554646&p=1lk&v=1&x=nmrgW_tEDA2HR0M_Ly_8Zg,https://media.etaplius.lt/media/article/349183_62019177.jpeg,,ONLINE_NEWS,,NOT AVAILABLE,Lithuanian,,,,,161,,Europe,Lithuania,,,
3/10/2025,8:32:50 AM,,,UTC,,Madeinvilnius -Verslas,Vilniuje plečiamas viešbutis „Urbihop“: papildomai įrengs 20 kambarių,"Nekilnojamojo turto plėtros bendrovė „Darnu Group“ plečia savo valdomą viešbutį „Urbihop“, į jį investuodama 400 tūkst. eurų bei didindama kambarių skaičių. Po rekonstrukcijos bendras kambarių plotas padidės beveik ketvirtadaliu, planuojama, kad...","Kaip pastebi „Darnu Group“ atstovė, ūgtelėję klientų srautai itin pasijuto po arenos rekonstrukcijos 2022 metų rudenį.

Fiksavo solidžius rodiklius

Praėjusiais metais viešbučių užimtumas Vilniaus mieste išliko stabilus ir siekė apie 67 proc. Tuo met...",,,https://madeinvilnius.lt/verslas/vilniaus-rinka/vilniuje-pleciamas-viesbutis-urbihop-papildomai-irengs-20-kambariu/,https://madeinvilnius.lt/wp-content/uploads/2025/03/urbihop.jpg,,ONLINE_NEWS,,NOT AVAILABLE,Lithuanian,,0.25,10,,560,,Europe,Lithuania,,,
3/10/2025,8:32:10 AM,,,UTC,,Verslo Idėjos  - Tiekėjai,„Darnu Group“ plečia savo valdomą viešbutį „Urbihop“,"Nekilnojamojo turto plėtros bendrovė „Darnu Group“ plečia savo valdomą viešbutį „Urbihop“, į jį investuodama 400 tūkst. eurų bei didindama kambarių skaičių. Po rekonstrukcijos bendras kambarių plotas padidės beveik ketvirtadaliu, planuojama, kad...","Kaip pastebi „Darnu Group“ atstovė, ūgtelėję klientų srautai itin pasijuto po arenos rekonstrukcijos 2022 metų rudenį.

Fiksavo solidžius rodiklius

Praėjusiais metais viešbučių užimtumas Vilniaus mieste išliko stabilus ir siekė apie 67 proc. Tuo met...",,,https://versloidejos.lt/verslo-naujienos-is-lietuvos-ir-pasaulio/darnu-group-plecia-savo-valdoma-viesbuti-urbihop/,"data:image/svg+xml,%3Csvg%20xmlns='http://www.w3.org/2000/svg'%20viewBox='0%200%201584%20396'%3E%3C/svg%3E,https://versloidejos.lt/wp-content/uploads/2025/03/original_Urbihop.jpg",,ONLINE_NEWS,,NOT AVAILABLE,Lithuanian,,0.25,10,,558,,Europe,Lithuania,,,
3/10/2025,7:52:29 AM,,,UTC,,BNS Spaudos centras,„Darnu Group“ plečia savo valdomą viešbutį „Urbihop“,"Nekilnojamojo turto plėtros bendrovė „Darnu Group“ plečia savo valdomą viešbutį „Urbihop“, į jį investuodama 400 tūkst. eurų bei didindama kambarių skaičių. Po rekonstrukcijos bendras kambarių plotas padidės beveik ketvirtadaliu, planuojama, kad...","Kaip pastebi „Darnu Group“ atstovė, ūgtelėję klientų srautai itin pasijuto po arenos rekonstrukcijos 2022 metų rudenį.

Fiksavo solidžius rodiklius

Praėjusiais metais viešbučių užimtumas Vilniaus mieste išliko stabilus ir siekė apie 67 proc. Tuo met...",,,https://sc.bns.lt/view/item/darnu-group-plecia-savo-valdoma-viesbuti-urbihop-502772,https://sc.bns.lt/docs/1/502772/original_Urbihop.jpg,,ONLINE_NEWS,,NOT AVAILABLE,Lithuanian,,0.25,10,,583,,Europe,Lithuania,,,
3/10/2025,7:13:48 AM,,,UTC,,Statybunaujienos.lt,Vilniuje plėsis sportininkų pamėgtas viešbutis: pasipildys 20-čia kambarių,"Nekilnojamojo turto plėtros bendrovė „Darnu Group“ plečia savo valdomą viešbutį „Urbihop“, į jį investuodama 400 tūkst. eurų bei didindama kambarių skaičių. Po rekonstrukcijos bendras kambarių plotas padidės beveik ketvirtadaliu, planuojama, kad viešbučio...","Nekilnojamojo turto plėtros bendrovė „Darnu Group“ plečia savo valdomą viešbutį „Urbihop“, į jį investuodama 400 tūkst. eurų bei didindama kambarių skaičių. Po rekonstrukcijos bendras kambarių plotas padidės beveik ketvirtadaliu, planuojama, kad vieš...",,,https://www.statybunaujienos.lt/naujiena/Vilniuje-plesis-sportininku-pamegtas-viesbutis-pasipildys-20-cia-kambariu/23977,"https://www.statybunaujienos.lt/images/naujienos/726_545/2085e32195aa967ad0ed6f676d95e263.jpg,https://www.statybunaujienos.lt/images/naujienos/1200_900/2085e32195aa967ad0ed6f676d95e263.jpg",,ONLINE_NEWS,,NOT AVAILABLE,Lithuanian,,245.88,9835,29,37,,Europe,Lithuania,,,Vilnius
3/9/2025,8:21:38 AM,,,UTC,Evelina Povilaitytė,Verslo žinios,„Darnu Group“ plečia viešbutį Vilniuje,"Planuojama, kad po rekonstrukcijos, į kurią bus investuota 400.000 Eur, viešbutyje bus 117 kambarių arba 20 daugiau nei dabar. Viešbutis plečiamas performuojant dalį trečio „SEB arenos“ aukšto, kuris anksčiau buvo nuomojamas. Darbus numatyta pabaigti per...",,,,http://ct.moreover.com/?a=56203706346&p=1lk&v=1&x=JCmymzN_c9lHTXbj4IdRzw,https://www.vz.lt/image/1280/story/image/eDHEtEdi-urbihop.jpg?1729795298,,ONLINE_NEWS,,NOT AVAILABLE,Lithuanian,,20470.8,818832,59,43,,Europe,Lithuania,,,Vilnius
3/3/2025,8:08:29 AM,,,UTC,Parengė Darnu,Delfi Lietuva,„Darnu Group“ plėtojami „Sakai“ pretenduoja tapti tvariausiu gyvenamuoju NT projektu Baltijos šalyse,"NT vystymo bendrovės „Darnu Group “ statomas rajonas „Sakai“ pretenduoja tapti pirmuoju gyvenamuoju NT projektu Baltijos šalyse, gausiančiu naujos statybos BREEAM „Excellent“ įvertinimą. Tai vienas aukščiausių BREEAM vertinimo sistemos laiptelių,...","NT vystymo bendrovės „Darnu Group “ statomas rajonas „Sakai“ pretenduoja tapti pirmuoju gyvenamuoju NT projektu Baltijos šalyse, gausiančiu naujos statybos BREEAM „Excellent“ įvertinimą.

Tai vienas aukščiausių BREEAM vertinimo sistemos laiptelių, in...",,,https://www.delfi.lt/bustas/nt-rinka/darnu-group-pletojami-sakai-pretenduoja-tapti-tvariausiu-gyvenamuoju-nt-projektu-baltijos-salyse-120090128,"https://images.delfi.lt/media-api-image-cropper/v1/46e47701-7050-49f9-b4cb-14ae54c78b86.jpg?noup&w=400,https://images.delfi.lt/media-api-image-cropper/v1/6df6c0d0-7ca6-4da1-921a-2b1df810cb14.jpg?noup&w=400,https://images.delfi.lt/media-api-image-cropper/v1/8ad18054-7202-4fd5-8be3-5ae0c68d2a92.jpg?noup&w=400,https://images.delfi.lt/media-api-image-cropper/v1/4f82edc2-4f30-4d13-baf9-906039a892f0.jpg?noup&w=400,https://images.delfi.lt/media-api-image-cropper/v1/94086eab-7ac4-4eb9-97eb-4bfa49ffcc78.jpg?noup&w=400,https://images.delfi.lt/media-api-image-cropper/v1/da729ee4-9d4a-4eeb-86d8-1dc32d614999.jpg?w=1200&h=800,https://images.delfi.lt/media-api-image-cropper/v1/fcac3128-98b9-4069-8682-8b0a01fd4dfa.jpg?noup&w=400",,ONLINE_NEWS,,NOT AVAILABLE,Lithuanian,,43660.4,1746416,78,748,,Europe,Lithuania,,,Vilnius
