"Published Date",Outlet,Headline,"Contextual Snippet",URL,"Media Type",Classification,Sentiment,Language,"Translated Language",AVE(USD),Impressions,"Domain Authority","Word Count",Duration,Continent,Country,Province/State,County,City
04/29/2025,Ehitaja,"Eesti ettevõtted investeerivad Lätis 40 miljonit eurot","aasta kinnisvaraturu kõigis segmentides mõõdukalt hea tulla, ent uusarendustest on jätkuvalt ülepakkumine ja üüriturg soojeneb aeglaselt, kirjutab kinnisvarafirma Restate analüütik Julia Linde.

Kui räägitakse ärikinnisvarast, pööratakse enamasti täh...","https://www.ehitusuudised.ee/uudised/2025/04/29/eesti-ettevotted-investeerivad-latis-40-miljonit-eurot",ONLINE_NEWS,,"NOT AVAILABLE",Estonian,,245.65,9826,36,278,,Europe,Estonia,,,Tallinn
04/25/2025,Äripäev,"Kinnisvaraarendaja Everaus plaanib võlakirjad börsile tuua","aasta kinnisvaraturu kõigis segmentides mõõdukalt hea tulla, ent uusarendustest on jätkuvalt ülepakkumine ja üüriturg soojeneb aeglaselt, kirjutab kinnisvarafirma Restate analüütik Julia Linde.","http://ct.moreover.com/?a=56580052005&p=1lk&v=1&x=LmbNQ8VnlnOzEfaCggSkiQ",ONLINE_NEWS,,"NOT AVAILABLE",Estonian,,4324.1,172964,55,32,,Europe,Estonia,,,Tallinn
04/25/2025,Ehitaja,"Julia Linde: uusarenduste turul jätkub ülepakkumine","aasta kinnisvaraturu kõigis segmentides mõõdukalt hea tulla, ent uusarendustest on jätkuvalt ülepakkumine ja üüriturg soojeneb aeglaselt, kirjutab kinnisvarafirma Restate analüütik Julia Linde.","http://ct.moreover.com/?a=56578397860&p=1lk&v=1&x=i_l-96OJqaSWN6xZQ79ITQ",ONLINE_NEWS,,"NOT AVAILABLE",Estonian,,245.65,9826,36,30,,Europe,Estonia,,,Tallinn
04/25/2025,Kinnisvarauudised.ee,"Maakler: koduostjate eelistused on vastuolulised","aasta kinnisvaraturu kõigis segmentides mõõdukalt hea tulla, ent uusarendustest on jätkuvalt ülepakkumine ja üüriturg soojeneb aeglaselt, kirjutab kinnisvarafirma Restate analüütik Julia Linde.

23.04.25, 17:13
Euribor langes täna järsult

Eesti laen...","http://ct.moreover.com/?a=56577473138&p=1lk&v=1&x=Z1EZpPJTHIJD4-3EQVnOsg",ONLINE_NEWS,,"NOT AVAILABLE",Estonian,,,,,304,,Europe,Estonia,,,
04/24/2025,Kinnisvarauudised.ee,"Julia Linde: kinnisvaraturg on kevadiselt elav","aasta kinnisvaraturu kõigis segmentides mõõdukalt hea tulla, ent uusarendustest on jätkuvalt ülepakkumine ja üüriturg soojeneb aeglaselt, kirjutab kinnisvarafirma Restate analüütik Julia Linde.

“Vastupidiselt aktiivsele järelturule ei ole uute korte...","http://ct.moreover.com/?a=56568206113&p=1lk&v=1&x=JtSUp5UJsn8Dow2Vg_Ftjw",ONLINE_NEWS,,"NOT AVAILABLE",Estonian,,,,,123,,Europe,Estonia,,,
04/24/2025,Äripäev,"Julia Linde: kinnisvaraturg on kevadiselt elav","aasta kinnisvaraturu kõigis segmentides mõõdukalt hea tulla, ent uusarendustest on jätkuvalt ülepakkumine ja üüriturg soojeneb aeglaselt, kirjutab kinnisvarafirma Restate analüütik Julia Linde.

Sarnaselt edukale aastalõpule oli ka 2025. aasta esimen...","https://www.aripaev.ee/arvamused/2025/04/24/julia-linde-kinnisvaraturg-on-kevadiselt-elav",ONLINE_NEWS,,"NOT AVAILABLE",Estonian,,4324.1,172964,55,121,,Europe,Estonia,,,Tallinn
04/10/2025,Kinnisvarauudised.ee,"Tallinna üüriturul valitseb hinnatõusu ootus","Uusarenduste turuosa aktiviseerumist võib oodata pigem aasta keskpaigast, kirjutab kinnisvarafirma Restate analüütik Julia Linde.

01.04.25, 15:01

Kandideerimise tähtaeg 25.04.2025","http://ct.moreover.com/?a=56459828625&p=1lk&v=1&x=mHwwL09JVsPXoJeF_UpR7g",ONLINE_NEWS,,"NOT AVAILABLE",Estonian,,,,,161,,Europe,Estonia,,,
04/02/2025,"Adaur.ee - Uudiste arhiiv","EfTEN: EfTEN Real Estate Fund AS-i tütarettevõtja omandas kinnistu Nõmme Südamekodu hooldekodu rajamiseks","Kokkuleppe eesmärgiks on ehitada kinnistul paiknev h

30.09.2024 EfTEN: Tütarettevõtja asutamine ning RESTATE grupilt ehitusjärgus oleva ICONFIT tootmis- ja laohoone ostmine

EfTEN Real Estate Fund AS-i tütarettevõtja EfTEN Paemurru OÜ sõlmis 27.09.2...","https://www.adaur.ee/eften-eften-real-estate-fund-as-i-tutarettevotja-omandas-kinnistu-nomme-sudamekodu-hooldekodu-rajamiseks/",ONLINE_NEWS,,"NOT AVAILABLE",Estonian,,,,,277,,Europe,Estonia,,,
03/26/2025,"Adaur.ee - Uudiste arhiiv","Kutse 7. mail 2025 toimuvale konverentsile “Kuhu liigub Eesti kinnisvaraturg?”","...Kurtmann, Coop Panga juhatuse liige/ärikliendipanganduse juht

Kas äripindade sektor „ajab üle ääre“?

Moderaator Ardi Roosimaa, Restate nõukogu liige

Diskussioonpaneelis Liina Tettermann, Guido Pärnits, Gert Jostov

Kinnisvarasektor pärast Ukraina ...","https://www.adaur.ee/kutse-7-mail-2025-toimuvale-konverentsile-kuhu-liigub-eesti-kinnisvaraturg-2/",ONLINE_NEWS,,"NOT AVAILABLE",Estonian,,,,,357,,Europe,Estonia,,,
03/12/2025,"Adaur.ee - Esileht","Kutse 7. mail 2025 toimuvale konverentsile “Kuhu liigub Eesti kinnisvaraturg?”","...Kurtmann, Coop Panga juhatuse liige/ärikliendipanganduse juht

Kas äripindade sektor „ajab üle ääre“?

Moderaator Ardi Roosimaa, Restate nõukogu liige

Diskussioonpaneelis Liina Tettermann, Guido Pärnits, Gert Jostov

Kinnisvarasektor pärast Ukraina ...","https://www.adaur.ee/kutse-7-mail-2025-toimuvale-konverentsile-kuhu-liigub-eesti-kinnisvaraturg/",ONLINE_NEWS,,"NOT AVAILABLE",Estonian,,,,,349,,Europe,Estonia,,,
02/26/2025,"Err.ee - Rus","Нуждающиеся в ремонте квартиры в панельных домах Таллинна находят покупателя за пару часов","...упали почти на 45%, а продажи квартир на вторичном рынке за тот же период выросли почти на 20%. Аналитик фирмы по недвижимости Restate Юлия Линде пояснила, что флипперы в прямом смысле слова охотятся за нуждающимися в ремонте квартирами в панельных д...","http://ct.moreover.com/?a=56116132234&p=1lk&v=1&x=FVCjcSRS4rFvBKnZ1sVTrg",ONLINE_NEWS,,POSITIVE,Russian,,96533.0,3861320,76,483,,Europe,Estonia,,,
02/22/2025,Äripäev,"Raadiohitid: Oleg Grossi läbilöök ja Liis Lassi portfell","Teatud turusegmenti on üsna aktiivselt juba mõjutamas flippijad.Turu aktiivsuse kasvu kirjeldab saate teise poole alguses kinnisvarafirma Restate analüütik Julia Linde, kes toob välja, et külgsuunas liikuval kinnisvaraturul tegutsevad taaskord üsna a...","http://ct.moreover.com/?a=56086771828&p=1lk&v=1&x=7rnkzsAg2lDHWsVNgdihrw",ONLINE_NEWS,,"NOT AVAILABLE",Estonian,,4324.1,172964,55,706,,Europe,Estonia,,,Tallinn
02/20/2025,Äripäev,"Hinnakasv kinnisvaras inflatsiooni veel ei löö, aga üht-teist teha juba annab","Turu aktiivsuse kasvu kirjeldab saate teise poole alguses kinnisvarafirma Restate analüütik Julia Linde, et toob välja, et külgsuunas liikuval kinnisvaraturul tegutsevad taaskord üsna aktiivselt flippijad, kes noolivad kindlat tüüpi kortereid, mis ju...","http://ct.moreover.com/?a=56068744927&p=1lk&v=1&x=EwAm-MW2i1heWgIrkTf5rQ",ONLINE_NEWS,,"NOT AVAILABLE",Estonian,,4324.1,172964,55,294,,Europe,Estonia,,,Tallinn
02/20/2025,Äripäev,"Kinnisvara hinnatõus inflatsiooni veel ei löö, aga juba annab üht-teist teha","Turu aktiivsuse kasvu kirjeldab saate teise poole alguses kinnisvarafirma Restate analüütik Julia Linde. Ta toob välja, et külgsuunas liikuval kinnisvaraturul tegutsevad taaskord üsna aktiivselt flippijad, kes noolivad kindlat tüüpi kortereid, mis ti...","http://ct.moreover.com/?a=56068630866&p=1lk&v=1&x=ZCoYBexesXdAIf4xHQPFxQ",ONLINE_NEWS,,"NOT AVAILABLE",Estonian,,4324.1,172964,55,316,,Europe,Estonia,,,Tallinn
02/19/2025,Äripäev,"Raadiohommikus: Tallinki tulemused, Trumpi himud ja parim seadus","Teemat avavad analüütikud Igor Habal Uus Maast ning Julia Linde Restate Kinnisvarast. Saatejuht on Lauri Leet.

Kuulake Äripäeva raadiot Tallinnas ja Harjumaal 92,4 MHz, Tartus 97,7 MHz, Pärnus 91,9 MHz, Haapsalus 96,0 MHz, Saaremaal 101,7 MHz, Ida-V...","http://ct.moreover.com/?a=56062206897&p=1lk&v=1&x=OanguAF6zBCT4z97se0Nyg",ONLINE_NEWS,,"NOT AVAILABLE",Estonian,,4324.1,172964,55,592,,Europe,Estonia,,,Tallinn
02/17/2025,Äripäev,"Julia Linde: paneelmajade korterite peale käib rebimine, flippijad platsis","Korteriturgu hoiavad praegu aktiivsena hinnatundlikud ostjad, kirjutab kinnisvarafirma Restate analüütik Julia Linde.

Kas mäletate mõne aasta tagust olukorda kinnisvaraturul, kus kodu ostuotsus tuli teha väga kiiresti ning teha ülepakkuminegi, et mi...","https://www.aripaev.ee/arvamused/2025/02/17/julia-linde-paneelmajade-korterite-peale-kaib-rebimine-flippijad-platsis",ONLINE_NEWS,,"NOT AVAILABLE",Estonian,,4324.1,172964,55,48,,Europe,Estonia,,,Tallinn
